<?xml version="1.0" encoding="UTF-8"?>
<project-private xmlns="http://www.netbeans.org/ns/project-private/1">
    <editor-bookmarks xmlns="http://www.netbeans.org/ns/editor-bookmarks/2" lastBookmarkId="0"/>
    <open-files xmlns="http://www.netbeans.org/ns/projectui-open-files/2">
        <group>
            <file>file:/D:/phpStudy/WWW/thinkphp5/application/admin/controller/Group.php</file>
            <file>file:/D:/phpStudy/WWW/thinkphp5/application/admin/view/Group/add.html</file>
            <file>file:/D:/phpStudy/WWW/thinkphp5/application/admin/view/Group/index.html</file>
            <file>file:/D:/phpStudy/WWW/thinkphp5/application/admin/model/AuthGroup.php</file>
            <file>file:/D:/phpStudy/WWW/thinkphp5/application/admin/view/Group/auth.html</file>
        </group>
    </open-files>
</project-private>
